name,prompt
example.png,"Astronaut Helmet, Blue Hair, Orange Paint Splatter.
A white astronaut helmet with reflections. 
Flowing blue hair with lighter blue highlights. 
Bright orange paint splatter effects surrounding the helmet. 

The most striking object is the white astronaut helmet that dominates the center, reflecting light and shades of blue from the surrounding environment. The helmet encases the subject's head, extending down to cover the neck, framing the individual's visage. The person's blue hair cascades outwards, gently floating around the face area. The composition emphasizes a sense of creativity and surrealism, subtly marrying the realism of the helmet with the abstract play of color and form."
,
,
,
,
,
,
,
,
,
,
,
,
,
,
,
,
,
,
,
,
,
,
,
,
,
,
,
,
,
,
,
,
,
,
,
,
,
,
,
,
,
,
,
,
,
,
,
,
,
